Type,Name,Request Count,Failure Count,Median Response Time,Average Response Time,Min Response Time,Max Response Time,Average Content Size,Requests/s,Failures/s,50%,80%,90%,95%,98%,99%,99.5%,99.9%,100%
POST,compose_post,1096,977,640,2704.1888686131388,2,17267,89.62226277372262,27.3888932505113,24.415099184078045,650,7200,10000,10000,16000,17000,17000,17000,17000
,Aggregated,1096,977,640,2704.1888686131388,2,17267,89.62226277372262,27.3888932505113,24.415099184078045,650,7200,10000,10000,16000,17000,17000,17000,17000
